#,Coupon Code,Type,Access Level,Status
1,ADVPRO-17LE0LPO,Lifetime,Premium,Active
2,ADVPRO-1W0101KI,Lifetime,Premium,Active
3,ADVPRO-BSUA7O7X,Lifetime,Premium,Active
4,ADVPRO-TAU36O9T,Lifetime,Premium,Active
5,ADVPRO-SWG76A6I,Lifetime,Premium,Active
6,ADVPRO-JJW5TA0F,Lifetime,Premium,Active
7,ADVPRO-VNX8VLW9,Lifetime,Premium,Active
8,ADVPRO-J4ABY6DX,Lifetime,Premium,Active
9,ADVPRO-0OAVGZ9V,Lifetime,Premium,Active
10,ADVPRO-YKMEN2SM,Lifetime,Premium,Active
11,ADVPRO-52LWKOAZ,Lifetime,Premium,Active
12,ADVPRO-LMAYCNF1,Lifetime,Premium,Active
13,ADVPRO-A8J7FIXZ,Lifetime,Premium,Active
14,ADVPRO-SS3ONBB0,Lifetime,Premium,Active
15,ADVPRO-45NZK4DJ,Lifetime,Premium,Active
16,ADVPRO-NAA8U6ZZ,Lifetime,Premium,Active
17,ADVPRO-QSGPLH0O,Lifetime,Premium,Active
18,ADVPRO-RXP1LUAV,Lifetime,Premium,Active
19,ADVPRO-7AJEX1O9,Lifetime,Premium,Active
20,ADVPRO-ZY5RT8FH,Lifetime,Premium,Active
21,ADVPRO-8FFYEG8I,Lifetime,Premium,Active
22,ADVPRO-7JNU9ANQ,Lifetime,Premium,Active
23,ADVPRO-1M4A08QT,Lifetime,Premium,Active
24,ADVPRO-10BE54HF,Lifetime,Premium,Active
25,ADVPRO-7CDZAWKF,Lifetime,Premium,Active
26,ADVPRO-VNH9HW7P,Lifetime,Premium,Active
27,ADVPRO-LZOJQTZE,Lifetime,Premium,Active
28,ADVPRO-MKMPJT6U,Lifetime,Premium,Active
29,ADVPRO-SZ7TM4SJ,Lifetime,Premium,Active
30,ADVPRO-6J3OQAAA,Lifetime,Premium,Active
31,ADVPRO-60DWSGHH,Lifetime,Premium,Active
32,ADVPRO-MDTBJCE4,Lifetime,Premium,Active
33,ADVPRO-WGPRQ32L,Lifetime,Premium,Active
34,ADVPRO-QN83SPQV,Lifetime,Premium,Active
35,ADVPRO-T4X4PZCT,Lifetime,Premium,Active
36,ADVPRO-4YR3K40J,Lifetime,Premium,Active
37,ADVPRO-LA6TU1PF,Lifetime,Premium,Active
38,ADVPRO-ZT8011CV,Lifetime,Premium,Active
39,ADVPRO-UHB7OGGM,Lifetime,Premium,Active
40,ADVPRO-9PPYM5QO,Lifetime,Premium,Active
41,ADVPRO-1J9V6YHZ,Lifetime,Premium,Active
42,ADVPRO-HPV8S817,Lifetime,Premium,Active
43,ADVPRO-FWDDRAS4,Lifetime,Premium,Active
44,ADVPRO-CPZYRPXY,Lifetime,Premium,Active
45,ADVPRO-RB4L085N,Lifetime,Premium,Active
46,ADVPRO-8N0KQP4A,Lifetime,Premium,Active
47,ADVPRO-M0NWL7KP,Lifetime,Premium,Active
48,ADVPRO-I9IBZ7KO,Lifetime,Premium,Active
49,ADVPRO-V09U3RSS,Lifetime,Premium,Active
50,ADVPRO-97I6M43X,Lifetime,Premium,Active
