#,Coupon Code,Type,Status
1,ADVPRO-1CHLEKQ8,Premium Lifetime,Available
2,ADVPRO-VOEOK705,Premium Lifetime,Available
3,ADVPRO-17LE0LPO,Premium Lifetime,Available
4,ADVPRO-1W0101KI,Premium Lifetime,Available
5,ADVPRO-BSUA7O7X,Premium Lifetime,Available
6,ADVPRO-TAU36O9T,Premium Lifetime,Available
7,ADVPRO-SWG76A6I,Premium Lifetime,Available
8,ADVPRO-BXBL8M6A,Premium Lifetime,Available
9,ADVPRO-JJW5TA0F,Premium Lifetime,Available
10,ADVPRO-VNX8VLW9,Premium Lifetime,Available
11,ADVPRO-J4ABY6DX,Premium Lifetime,Available
12,ADVPRO-0OAVGZ9V,Premium Lifetime,Available
13,ADVPRO-YKMEN2SM,Premium Lifetime,Available
14,ADVPRO-52LWKOAZ,Premium Lifetime,Available
15,ADVPRO-LMAYCNF1,Premium Lifetime,Available
16,ADVPRO-A8J7FIXZ,Premium Lifetime,Available
17,ADVPRO-SS3ONBB0,Premium Lifetime,Available
18,ADVPRO-45NZK4DJ,Premium Lifetime,Available
19,ADVPRO-NAA8U6ZZ,Premium Lifetime,Available
20,ADVPRO-QSGPLH0O,Premium Lifetime,Available
21,ADVPRO-RXP1LUAV,Premium Lifetime,Available
22,ADVPRO-7AJEX1O9,Premium Lifetime,Available
23,ADVPRO-ZY5RT8FH,Premium Lifetime,Available
24,ADVPRO-8FFYEG8I,Premium Lifetime,Available
25,ADVPRO-7JNU9ANQ,Premium Lifetime,Available
26,ADVPRO-1M4A08QT,Premium Lifetime,Available
27,ADVPRO-10BE54HF,Premium Lifetime,Available
28,ADVPRO-7CDZAWKF,Premium Lifetime,Available
29,ADVPRO-VNH9HW7P,Premium Lifetime,Available
30,ADVPRO-LZOJQTZE,Premium Lifetime,Available
31,ADVPRO-MKMPJT6U,Premium Lifetime,Available
32,ADVPRO-SZ7TM4SJ,Premium Lifetime,Available
33,ADVPRO-6J3OQAAA,Premium Lifetime,Available
34,ADVPRO-60DWSGHH,Premium Lifetime,Available
35,ADVPRO-MDTBJCE4,Premium Lifetime,Available
36,ADVPRO-WGPRQ32L,Premium Lifetime,Available
37,ADVPRO-QN83SPQV,Premium Lifetime,Available
38,ADVPRO-T4X4PZCT,Premium Lifetime,Available
39,ADVPRO-4YR3K40J,Premium Lifetime,Available
40,ADVPRO-LA6TU1PF,Premium Lifetime,Available
41,ADVPRO-ZT8011CV,Premium Lifetime,Available
42,ADVPRO-UHB7OGGM,Premium Lifetime,Available
43,ADVPRO-9PPYM5QO,Premium Lifetime,Available
44,ADVPRO-1J9V6YHZ,Premium Lifetime,Available
45,ADVPRO-HPV8S817,Premium Lifetime,Available
46,ADVPRO-FWDDRAS4,Premium Lifetime,Available
47,ADVPRO-CPZYRPXY,Premium Lifetime,Available
48,ADVPRO-RB4L085N,Premium Lifetime,Available
49,ADVPRO-8N0KQP4A,Premium Lifetime,Available
50,ADVPRO-M0NWL7KP,Premium Lifetime,Available
